{"bert": 0.1979609489440918, "distilbert": 0.06956319808959961, "xlnet": 0.1683302640914917}